id,name,sku,category,quantity,unit_cost,supplier_name,location,reorder_threshold,supplier_lead_time_days
B0FQ5XWXMG,"Yahboom Jetson Orin NX Super 157TOPS with AI Voice Module,IMX219 CSI Camera,256GB SSD,Acrylic Casing for Mechanical Engineers Embedded and Edge Systems AI Large Model Kit",Jetson Orin NX,dev-boards,1,1115.0,Yahboom,,0,7
B0GG9LPDB2,Bitcoin Miner Nerdqaxe++ Rev 6.1 6TH/s Hashrate 100W Low Power BTC Miner BM1370 Lottery Miner Open-Source for Home Office High Efficiency Crypto Currency Miners for BTC Solo Mining Machine,NerdQaxe-6T,power,1,379.04,YHZYBTC,,0,7
B0DGG7GJL7,"WAVLINK AC1200 Outdoor Long Range Wi-Fi Extender,Dual Band Outdoor Access Point with Active/Passive PoE,WAN/LAN Port,IP67 Waterproof,Supports AP/Router/Repeater Mode,2x7dBi Antennas-Greenwood",WN570HA2,antennas,1,78.0,Ruichuang Technology,,0,7
B09PH8YCVM,"ELEPHANT ROBOTICS Robot Arm Accessory, Suction Pump for MyCobot & MechArm",myCobot_PI,misc,2,75.0,Elephant Robotics,,0,7
B09PH867P6,MyCobot 280 Camera Flange Designed from Elephant Robotics,myCobot_accessories,cameras,2,59.99,Elephant Robotics,,0,7
B0B9W96SD6,ELEPHANT ROBOTICS Robotic Arm myCobot 280 Raspberry Pi 4B - Open Source 6DOF Collaborative Robots - Desktop Education Robot Arm - Python Programming & ROS Supporting,ER-280-PI,dev-boards,1,918.0,Elephant Robotics,,0,7
B098QH631G,"TUOLNK 5PCS SMA Female to IPX U.FL RG178 Coaxial Cable, 12 inch(30cm) SMA MHF1 UFL Low Loss Jumper Extension Cable for WiFi Router, Antenna, Security Camera, GPS Devices, etc.",178IPX2-30cm,cameras,3,7.29,TUOLNK Tech US,,0,7
B0CH88LFS4,"Waveshare GNSS L1+L5 Dual-Frequency Active Antenna, SMA-J Connector, Supports Multi-GNSS Positioning Systems",GPS External Antenna (D),antennas,3,23.43,waveshare,,0,7
B07GNC8DHH,Wlaniot 4G LTE GSM Antenna Omni-Directional 700-2600MHZ Adhesive Mount Antenna with SMA Male Connector for Car Vehicle Hotspot Router Gateway Modem 10ft,GP-KIT-4G-01,antennas,3,7.99,Superbat-us,,0,7
B0BTP93H8H,"Waveshare SIM7600G-H 4G Communication Module, Compatible with Raspberry Pi 5/4B/3B/Zero/Zero W/Zero 2W/Pico/Pico W, Multi-Band Support, 4G/3G/2G, with GNSS Positioning",SIM7600G-H 4G Module,dev-boards,3,69.34,waveshare,,0,7
B0C77S4VPD,"UPERGO Vertical Laptop Stand for Desk, Laptop Holder to Dock MacBook, MacBook Pro and Other Laptops, Black Walnut Wood",VD-1,misc,1,31.5,UPERGO,,0,7
B0CNW4CF3X,"UPERGO Walnut Headphone Stand, Wood Headset Stand for Desk, Universal Headphone Holder with Storage Base for Gaming, Airpod max, Bose,Razer",VD-4,misc,1,26.99,UPERGO,,0,7
B0894MQGG8,"Mouse Pad, PU Mouse Pad，Leather Mouse Pad with Stitched Edge Micro-Fiber Base with Non-Slip Waterproof，Mouse Pad for Computers，Laptop, 8x11Inch (Caramel Brown)",2019-12-03-1,misc,1,12.98,Besezx,,0,7
B0CDH4FGZY,"Anker Thunderbolt 4 Certified USB C to USB C Cable, 8K/4K Display/40Gbps Compatible with USB4, Thunderbolt 4/3, for MacBook, iPhone 16(100W, 6.6FT)",A8489011,misc,1,79.98,AnkerDirect,,0,7
B0FCMSRJ2J,"ZIKNYDO 16K for Thunderbolt 5 Cable 6.6FT/2m, USB C 80Gbps Data Transfer, 120Gbps Bandwidth for 16K/Dual 8K Displays, PD3.1 240W Charging for Thunderbolt 4, MacBook M4, eGPU, Mac mini M4 Pro, Monitor",Z-W0407,misc,1,33.59,ZIKNYDO,,0,7
B0DDQDG6GF,"Anker Prime Thunderbolt 4 Cable, 3.3 ft USB C to USB C Cable, 240W Charging, 40Gbps Data Transfer, Supports 8K/4K Displays, for iPhone 16 Series, MacBook Air, iPad, Samsung (Thunderbolt 4-Certified)",ELECTRONIC_CABLE,misc,1,39.98,AnkerDirect,,0,7
B08XFSLWQF,"Cable Matters 8K DisplayPort 1.4 to HDMI 2.1 Adapter with 4K 240Hz / 8K 60Hz, Unidirectional DisplayPort to HDMI 2.1 Cable Adapter, Supports RTX4080, RX7900, Not Work with PS5/Xbox, No VRR Support",102101-GRY,misc,1,24.95,Cable Matters,,0,7
B09GK8LBWS,"CalDigit TS4 Thunderbolt 4 Dock - 18 Ports, 98W Charging, 40Gb/s Thunderbolt 4, USB-A/C, 2.5GbE, 8K/6K Displays, Mac/PC/Chrome Compatible",TS4-US 500971,misc,1,303.99,"CalDigit, Inc.",,0,7
B0DYQH1N48,"Western Digital 26TB WD Red Pro NAS Internal Hard Drive HDD - 7200 RPM, SATA 6 Gb/s, CMR, 512 MB Cache, 3.5"" - WD260KFGX",WD260KFGX-SPCNGN0,dev-boards,1,539.85,"Platinum Micro, Inc.",,0,7
B09YVPSYWF,"TOURSUIT Car Registration and Insurance Card Holder, Vehicle License Document Glove Box Compartment Organizer, Interior Car Accessories for Women Men Teens (Carbon Fiber Black)",CR01,misc,1,7.99,Toursuit,,0,7
B0DDL48VFX,"THANDBLE DisplayPort to HDMI Splitter for Multi Monitor Adapter, HDMI Splitter Extended Display 1 in 3 Out MST Hub (4K@60Hz) for Extended or Cloned Display Mode, DP to 3X HDMI Port with PC, NVIDIA AMD",hdmi splitter,misc,1,46.54,THANDBLE-Direct,,0,7
B091GWJPJ5,"10K 8K HDMI 2.1 Cable 2-Pack 6.6FT, Highwings Certified 48Gbps Ultra High Speed Slim HDMI Cord,Support 4K@120Hz 8K@60Hz, HDCP 2.2&2.3, Dynamic HDR,eARC,DTS:X, Compatible with Roku TV/HDTV/PS5/Blu-ray",Highwings,misc,1,9.99,Szsea US,,0,7
B08VNYPL7H,"Hot Air Rework Station, Prostormer 120V Digital Display Heat Gun with 3 Sets Stored Temperature and Sleep Mode, Airflow Efficiency, Accurate Temp 100~500 ℃ (212~932°F) for Electronics Repairing",PSST003D,misc,1,49.33,ArmPro,,0,7
B0BZCX99NV,"Creality PETG Filament 1.75, 3D Printer Filament, Excellent Toughness High Precision, Odorless Non-Toxic Moistureproof, 1kg(2.2lbs) Glossy 3D Printing Filament for 3D Printer (Black)",301030035,misc,3,12.99,Creality Official Store,,0,7
B0DMVG2TFL,"Creality Hyper PLA Filament 1.75mm, RFID 3D Printer Filament for High Speed 30-600mm/s, PLA Filament Support CFS, Fits for K2 Plus Combo and Most 3D Printers 1kg(2.2lbs)/Spool",AMUS-CU-3D-PM-HPLA-RFID-BK+WH+RD+BL,misc,1,72.99,Creality CL Store,,0,7
B0C4TNQZYY,"Creality 2kg Black & White PLA 1.75mm Filament Bundle for 3D Printing with No-Tangling Strong Bonding and Overhang Performance, Accuracy +/- 0.02mm",Hyper RFID PLA_AU1,misc,2,23.99,Creality Official Store,,0,7
B098J269QB,UMLIFE 10PCS High Efficiency Output 3.3V 5V 9V 12V 5A Mini560 Step Down DC-DC Converter Voltage Regulator Buck Stabilized Power Supply Module (Output 3.3V),B098J269QB,power,1,14.69,Umlife US,,0,7
B0F4KG3WWK,"Creality CFS Multi Color Auto Filament System Anti-Moisture Filament Storage Auto-Switch & Run-Out Alerts 4-Channel Parallel Printing 16 Colors 3D Printing for K2 Plus, Hi 3D Printer",Hyper PLA RFID,misc,1,299.0,Creality US Official Store,,0,7
B0DFGB288Y,"Creality 3D Printer Filament 1.75mm 4KG, PLA Filament Bulk +/- 0.02mm, 4 Pack 1kg Spool(2.2lbs) 3D Printing Filament Fits for Most FDM 3D Printers, 4 White",Value 4 Pack-WWWW-_3301010475_US1,misc,4,58.49,Creality Official Store,,0,7
B0CHS79BGL,"ELEGOO PLA Plus Filament 1.75mm Black & White 4KG, PLA+ Tougher and Stronger 3D Printer Filament Pro Dimensional Accuracy +/- 0.02mm, 4 Pack 1kg Spool(2.2lbs) Fits for Most FDM 3D Printers",US-EL-3D-PP25,misc,3,49.69,ELEGOO Official US,,0,7
B08PF938JJ,"OVERTURE ASA Filament 1.75mm, 1kg Spool (2.2lbs) 3D Printer Filament, Premium Anti-UV, ASA Filament Perfect for Printing Outdoor Functional Parts, Dimensional Accuracy +/- 0.02 mm (White)",OVASA,misc,3,27.12,OVERTURE 3D,,0,7
B083SF86RV,"LiteHistory LED Bulb Dimmable 6W Equal Warm White 2700K T6 T25 E12 Candelabra Bulb 60 watt for Chandeliers,Ceiling Fan,Pendant,Wall sconces AC120V 600LM e12 Light Bulb 6Pack",T8-4C27K-60Watt-6Pack,misc,2,20.0,Litehistory,,0,7
B08JPL85H8,kwmobile Keystone Module Jacks - 24 Piece CAT-8 Shielded Keystone Jack RJ45 Cat 8 Ethernet Module 40 Gbit with Shielded Metal Housing,52517.24,chassis-housing,1,107.9,KW-Commerce-US,,0,7
B0CH3TDJ4B,Cable Matters All-In-One Modular Ethernet Crimping Tool Cat 8 (Cat5 Cat6 Cat7 Cat8 Crimping Tool) for Shielded Pass-Through Connectors,180124,misc,1,21.95,Cable Matters,,0,7
B0CVVVNB9L,MIULEE Boho Farmhouse Sage Green Throw Pillow Covers 18x18 Inch Set of 4 Mordern Nordic Cushion Covers Soft Corduroy Christmas Home Decor for Couch Bed Sofa Living Room Forest Green,4p_CORDUROY_1818_2,misc,1,19.79,Miulee Home,,0,7
B0F93BBDFC,"Lichaser 6 Rolls 9.84ft WiFi Flexible COB LED Lights for Wood Slat Wall Panels in Parallel, Acoustic Panel LED Strip Compatible with Alexa, 3000K Dimmable Strip for Acoustic Panels, Shelves Lighting",Spider T,misc,2,50.99,SSD US,,0,7
B09GLSWMQM,"ELEGRP USB Charger Wall Outlet, 15 Amp Duplex Tamper Resistant Receptacle Plug with Type A & Type C USB Ports NEMA 5-15R, Wall Plate Included, UL Listed (10 Pack, Matte White)",R1615D42-WH,misc,1,93.99,ELE GROUP,,0,7
B07ZQPFGHX,"Elite Cat8 Shielded Riser (CMR), 40Gb, 2000MHz, S/FTP 22AWG, Solid Pure Copper, Higher Performance PoE, UL Listed, ETL Verified (Blue 1000ft.)",TFR2204ZBU,power,1,608.0,"Infinity Cable Products, Inc.",,0,7
B0C2WS46WM,"Cable Matters 20-Pack 23-24AWG Shielded Cat8 RJ45 Pass Through Connector with Load Bar & Strain Relief Boots, 50µ Gold Plated, Cat 8 Pass-Through RJ45 Plugs, NOT Compatible with 22AWG Cable",180121x20,power,1,11.95,Cable Matters,,0,7
B0CMT6RV52,"senroyal 52 Inch Tropical Ceiling Fan with Light, Pull Chain, Palm Leaf Indoor Outdoor Ceiling Fan with Light for Patio, Living Room, Reversible Fan, Black Bronze",68004,misc,1,168.42,Senroyal,,0,7
B0875VL1CJ,"UGREEN Cat 8 Ethernet Cable 6FT, High Speed Braided 40Gbps 2000Mhz Network Cord Cat8 RJ45 Shielded Indoor Heavy Duty LAN Cables Compatible for Gaming PC PS5 Xbox Modem Router 6FT",80431,power,1,6.99,UGREEN GROUP LIMITED,,0,7
B0DQ9ZDXDG,"Itvexeme RJ45 Connectors Tool Free Cat8, Cat8 Field Termination Plug Shielded Modular Plugs for 2000MHz 2GHz 40G, 22AWG-24AWG (CAT8-12Pack)",CAT8,power,1,47.49,Itvexeme,,0,7
B0DBQWZH53,"Govee GU10 Smart Bulb, Matter RGBWW Light Bulb Work with Alexa, Google Assistant, WiFi & Bluetooth Color Changing MR16 LED Bulbs, 64 Dynamic Scenes, Syncs with Music, 4 Pack, 400LM, GU10 Base",‎B600D1C3,misc,2,39.99,Govee US,,0,7
B000J15GYA,"HUBBELL CS8269 Flush Mount, 2P, Twist Lock, 250V, 3W, Receptacle, 50AMP",CS8269,misc,4,118.0,U-PRO.,,0,7
B09JK3B1NC,"Sleek Socket Original & Patented Ultra-Thin Outlet Concealer with Cord Concealer Kit, Flat Extension Cord with Multi Outlets Power Strip, Ideal for Home Improvement, Hide Bulky and Messy Cords",8-2XDOWN-OVSZ-W,power,1,27.48,"Socket Solutions, LLC",,0,7
B006LW0W5Y,"Amazon Basics Speaker Cable, Easy Assembly, 16-Gauge, Bronze, 100 ft",SW100ft,misc,1,9.25,Amazon,,0,7
B0DDKX7CX6,"Cordless Electric Tiller Garden Cultivator TaskStar 40V Power Tiller Total 5000mAhx2 Battery Powered Rototiller 14"" Width 9""Depth Tiller for Gardening,Dynamical Brushless Motor Enable Smooth Workflow",TaskStar-TU5000,motors-servos,1,249.98,TaskStar Store,,0,7
B0FCY5QZ7C,"À LA MAISON CEILINGS Instant Grab - Ceiling Tile, Wall Panel & Crown Molding Adhesive - High-Strength, Water-Resistant Glue for Indoor/Outdoor Use - Easy-Apply, Quick-Bond Formula (8-Pack)",AX310-8,misc,1,59.0,"Decorative Ceiling Tiles, Inc.",,0,7
B00ZVUQMS8,Minecraft - Volume Alpha,B00ZVUQMS8,misc,1,24.98,-importcds,,0,7
B0DWS6W5TS,DGSL Tile Leveling System Clips - DIY 2400 Tiles Leveler Spacers - 1/8 Inch Tile Leveling System for Professional Ceramic Tile and Stone Installation,TSL03,misc,1,37.99,DGSL-us-store,,0,7
B0BQW8B3MY,"BAUMFEUER Tile Leveling System with Tile Plier and Rubber Mallet, 1000 Piece Tile Spacers Clips and 200 Piece Reusable Wedges, Tile Leveler Tool Set for Tile and Stone Installation (1/8 Inch)",TLS-4.27,misc,1,35.99,TFJ-US,,0,7
B0832XGSHF,"24"" Heavy-Duty Magnetic Tool Holder (Upgraded Version) - Extremely Powerful Magnetic Pull Force to Hold Heavy Tools - Professional Space-Saving Magnetic Bar - Tool Organizer Rack/Strip",mth,power,1,37.95,HM-Group,,0,7
B0BHQWHG5H,"ELEGRP Smart Light Switch, 2.4GHz Wi-Fi Light Switch Compatible with Alexa & Google Assistant, Neutral Wire Required, APP Control and Timer Schedule, UL Certified,Single Pole, Black, 10 Pack",SPN10,misc,1,119.99,ELE GROUP,,0,7
B0BHQW3QJ4,"ELEGRP Smart Light Switch, 2.4GHz Wi-Fi Light Switch Compatible with Alexa & Google Assistant, Neutral Wire Required, APP Control and Timer Schedule, UL Certified,Single Pole, White, 10 Pack",SPN10,misc,1,119.69,ELE GROUP,,0,7
B0BPRZ82GD,"Flexi Rods Garage Organizer Wall Hanger - Garden Tool Rack for Grass Trimmer, Hedge Trimmer, Garage Tools, 1 Pack",ST-1,misc,2,17.24,RUICAIAMZ,,0,7
B0CTZF7MNP,"ELEGRP USB Outlets, 15 Amp Wall Outlet with 3 USB Ports, Dual USB C Ports Outlets, TR Tamper-Resistant USB Outlets Receptacles, Wall Plate Included, UL/CUL Listed, 10 Pack, Black",AUR01-1542CCA-BL10,misc,1,119.89,ELE GROUP,,0,7
B0CTZQYNKY,"ELEGRP USB Outlets, 15 Amp Wall Outlet with 3 USB Ports, Dual USB C Ports Outlets, TR Tamper-Resistant USB Outlets Receptacles, Wall Plate Included, UL/CUL Listed, 10 Pack, White",AUR01-1542CCA-WH10,misc,1,119.66,ELE GROUP,,0,7
B0BHS2JFZC,"Linkind Matter Smart Light Bulb, WiFi Smart Bulbs, Work with Apple Home, Siri, Alexa, Google, SmartThings, RGBTW Color Changing Bulbs Mood Lighting, Music Sync, A19 E26 60W, 2.4Ghz WiFi 6 Pack",LS0101811266,misc,10,33.99,LINKIND-US,,0,7
B0DLKLY669,eMagTech 10pcs Mini Speaker 8 Ohm 1W 20x30mm Magnetic Speakers Replacement Compatible with Raspberry Compatible with MP3 Radio Speaker,676-EL,dev-boards,1,8.39,eMagTech,,0,7
B083XMGSVP,for Raspberry Pi Zero Camera Module 160 FOV 5MP Fisheye Lens Camera Wide Angle 160 Degree OV5647 1080P Sensor HD Video Webcam with Zero Cable for Raspberry Pi Model 4/3 B/B+ A+ RPi 2/1/zero/zero W,WQY,dev-boards,1,16.99,Dorhea,,0,7
B0DLJTP7DH,"Cermant 10pcs Type C Breakout Board Serial Basic Breakout Female Connector, 16P PCB Converter Board with Bent Pin",Celent_CL533,misc,1,9.49,zhihengxinxi,,0,7
B0C6XKXPVX,D-FLIFE 100pcs TTP223 Touch Switch Module Capacitive Sensor Switch DIY for Arduino Raspberry Pi,B0C6XKXPVX,dev-boards,1,10.69,D-FLIFE,,0,7
B0B3YZRJRK,"LANBITOU Ladder, A Frame 5 Step Ladder Extension, 17 Ft Anti-Slip Multi Position Ladder, Storage Folding Ladder, 330 lbs Security Load Telescoping Aluminum Ladders for Stairs Home Indoor Outdoor Roof",TSZ9001,misc,1,195.49,LANBITOU LADDER,,0,7
B0DNZ3ZD36,"OV2640 Camera Esp32 Cam Camera Module,Aideepen OV2640 Camera 160° Wide-Angle Lens 2 Megapixel Sensor I2C Support JPEG RGB YUV for ESP32 MCU Camera 4 PCS",Camera Module,dev-boards,1,23.99,Aideepen,,0,7
B0DRJ5NTV3,FORIOT GC2145 Camera 160° I2C Wide-Angle Lens 2 Megapixel Sensor Cam Module DVP Interface for ESP32 MCU Camera,JCAH0003-005,dev-boards,1,8.54,FORIOT-US,,0,7
B01LY05LOE,"Arducam for Raspberry Pi Zero Camera Module, 5MP OV5647 1080P Webcam on Raspbian (Cables in 2 Kinds)",UCT_B0033+B0087,dev-boards,1,9.29,UCTRONICS,,0,7
B0FH7J8P6K,Milwaukee Electric - Fleece-Lined Beanie - Black,M751B,misc,1,34.64,eFaucets,,0,7
B0DHXS26XL,"Cat8 Flat Ethernet Cable 50 FT Indoor & Outdoor, Invisable Ultra-Thin Ethernet Cable High Speed 40Gbps 2000Mhz, Flexible Shielded Internet Cable, Cat 8 SFTP Network Cable for Home/Office/Gaming, White",cat8wh-50,power,1,9.19,10Gsupxsel,,0,7
B0CKJ5YPZ5,"Rapink Patch Cables Cat8 1ft 24 Pack Slim, Cat8 Ethernet Patch Cable 40G Support, Snagless Cat 8 Patch Cable for Patch Panel to Switch, Flexiable Cat 8 Ethernet Cable Datacenter with Gold Plated",24PC830-1,power,1,23.99,FOELINK,,0,7
B0DHXTFS5P,"Cat8 Flat Ethernet Cable 100 FT Indoor & Outdoor, Invisable Ultra-Thin Ethernet Cable High Speed 40Gbps 2000Mhz, Flexible Shielded Internet Cable, Cat 8 SFTP Network Cable for Home/Office, White",cat8wh-100,power,2,18.19,10Gsupxsel,,0,7
B0DHXQ92RL,"Cat8 Flat Ethernet Cable 75 FT Indoor & Outdoor, Invisable Ultra-Thin Ethernet Cable High Speed 40Gbps 2000Mhz, Flexible Shielded Internet Cable, Cat 8 SFTP Network Cable for Home/Office/Gaming, White",cat8wh-75,power,2,14.99,10Gsupxsel,,0,7
B0CQXMPXKC,"8 Port 10G Ethernet Switch Unmanaged,with 8X 10Gb Base-T Ports, NICGIGA 10Gbps Network Switch Easy for 10G NAS,PC,WiFi7 Router,10G Adapter/NIC. Desktop or 19-inch Rack Mount, Plug and Play.",S100-0800T-EU,misc,1,247.98,NICGIGA-US,,0,7
B0BN8SSDPL,"OVERTURE ASA Filament 1.75mm, 1kg Spool (2.2lbs) 3D Printer Filament, Premium Anti-UV, ASA Filament Perfect for Printing Outdoor Functional Parts, Dimensional Accuracy +/- 0.02 mm (Olive Green)",OVASA,misc,6,28.42,OVERTURE 3D,,0,7
B0949M4PMD,"M4-0.7 x 25mm Flat Head Socket Cap Screws Bolts, Stainless Steel 18-8 (304), Bright Finish, Allen Socket Drive,Machine Screws Inner Hex Screw Fasteners Bolts (50pcs)",763722102284,misc,1,7.69,YGTGZ,,0,7
B0B53DPBTZ,DWEII 12PCS Obstacle Avoidance Sensor TCRT5000 5V 1 Way IR Infrared Reflective Sensor Line Detect Tracking for Arduino Robot Smart Car,TCRT5000,dev-boards,1,11.99,HANXI01,,0,7
B0949JNZWQ,"M4-0.7 x 20mm Flat Head Socket Cap Screws Bolts, Stainless Steel 18-8 (304), Bright Finish, Allen Socket Drive,Machine Screws Inner Hex Screw Fasteners Bolts (50pcs)",763722102277,misc,1,7.21,YGTGZ,,0,7
B0F9NZDP3P,"Creality ABS Filament 1.75mm White 3D Printer Filaments, 1kg(2.2lbs) Neatly-Wound Spool, Strong, Durable, Good Heat Resistant, Less Odor, Dimensional Accuracy±0.03mm, Fit Most FDM 3D Printers, White",CR-ABS-White,misc,1,18.99,Creality YOOPAI Store,,0,7
B0F9NXB9DB,"Creality ABS Filament 1.75mm Black 3D Printer Filaments, 1kg(2.2lbs) Neatly-Wound Spool, Strong, Durable, Good Heat Resistant, Less Odor, Dimensional Accuracy±0.03mm, Fit Most FDM 3D Printers, Black",CR-ABS-Black,misc,1,19.99,Creality YOOPAI Store,,0,7
B0CT8GD432,"Hrensaw Medium Outdoor Electrical Box(10.6x5.5x4.5inch),Weatherproof Connection Box w/6 Cable Entry,IP54 Waterproof Extension Cord Cover Protect Power Strip,Timer,Plug,Holiday Lights,Black",HM001,power,1,18.99,Hrensaw,,0,7
B0DXT4WTR4,"Small Waterproof Electrical Junction Box，IP67 Waterproof Clear ABS Plastic Enclosure Boxes for Outdoor Garden with Hinged Cover, Mounting Plate, Wall Brackets, Cable Glands (8.7""x6.7""x4.3"" Clear)",Electrical Boxes-FT,misc,2,18.61,IGEYAPA-US,,0,7
B07H5C8BB6,"QILIPSU Junction Box with Mounting Plate 110x80x70mm, Clear Cover Plastic DIY Electrical Project Case IP67 Waterproof Dustproof Enclosure Grey (4.3""x3.1""x2.8"")",110807PT,chassis-housing,1,9.49,QILIPSU,,0,7
B0DXT464VB,"Large Waterproof Electrical Junction Box, IP67 Waterproof Clear ABS Plastic Enclosure Boxes for Outdoor Network Enclosure with Hinged Cover, Mounting Plate, Wall Brackets(13.8""x9.8""x5.9"" Clear)","Electrical Boxes-13.8""x9.8""x5.9"" Clear",misc,2,46.54,IGEYAPA-US,,0,7
B0DXTFT6WM,"Waterproof Electrical Junction Box，IP67 Waterproof Clear ABS Plastic Enclosure Boxes for Outdoor Network Enclosure with Hinged Cover, Mounting Plate, Wall Brackets, Cable Glands (11.4""x7.5""x5.5"")","Electrical Boxes-11.4""x7.5""x5.5 clear",misc,2,32.58,IGEYAPA-US,,0,7
B0BZHGCBTH,"YETLEBOX Outdoor Waterproof Electrical Box Junction Box Weatherproof IP67 ABS Plastic Enclosure Switch Router Project Box Electronics DIY Enclosure With Mounting Plate Wall Bracket Grey 8.6""x6.6""x4.3""",P091,misc,2,14.99,Jineby Y,,0,7
B0DGMVFY85,"SABRENT USB to 3.5mm Jack Audio Adapter, USB to Headphone Jack Adapter Sound Card, Upgrade to 24-Bit 96Khz for a deep Sound Quality (AU-UCMA)",AU-UCMA,dev-boards,1,8.54,Store4PC,,0,7
B099RQ7BSR,LILYGO T-SIM7000G ESP32-WROVER-B Solar Charge SIM GPS Antenna CH9102F 16MB 2G/NB TTGO Development Board,T-SIM7000G,dev-boards,2,49.87,Lily GO,,0,7
B0CZ79Q7XM,"Official Creality K1 Max Glossy PEO and Matte PEI Double Side Build Plate Kit, 315 x 310mm Flexible Spring Steel Platform, Removable 3D Printer PEI Sheet Build Surface for K1 Max/Ender 3 V3 Plus",K1MAXPEIPEO,misc,1,26.99,comgrow,,0,7
B0CLLNMRX7,LILYGO T-A7670G R2 4G LTE CAT1 SIM Module ESP32 TTGO Development Board Support GSM/GPRS/Edge TF Card (A7670G with GPS),B0CLLNMRX7,dev-boards,4,35.15,Lily GO,,0,7
B07HSRNWBG,Business Prime Annual Membership Fee - Essentials,B07HSRNWBG,misc,2,89.5,Amazon US,,0,7
B07XVCP7F5,"RK ROYAL KLUDGE S108 Typewriter Keyboard, Retro Mechanical Gaming Keyboard Wired 108 Keys with RGB Backlit Sidelight, Detachable Wrist Rest, Round Keycaps Blue Switches - Black",S108,misc,1,59.99,J-Devol,,0,7
B0B789CGGQ,"Xbox Elite Series 2 Core Wireless Gaming Controller - White Series X|S, One, Windows PC, Android, and iOS",4IK-00001,misc,1,129.99,Amazon.com,,0,7
B09DCQ972K,"OVERTURE ASA Filament 1.75mm, 1kg Spool (2.2lbs) 3D Printer Filament, Premium Anti-UV, ASA Filament Perfect for Printing Outdoor Functional Parts, Dimensional Accuracy +/- 0.02 mm (Black)",OVASA,misc,2,30.68,OVERTURE 3D,,0,7
B07R4W1QY7,"Lenovo GY40T26478 Legion K500 RGB Mechanical Gaming Keyboard, 3 ZONE Full-size Keyboard, 7 user Programmable Hot Keys; 16.8 Million Colors, 50 Million-Click Red Mechanical Keys, Detachable Palm Rest",GY40T26478,dev-boards,1,67.99,Amazon.com,,0,7
B0B614YWXD,Mille Lucciole 4 Pack Outdoor Wall Lights Exterior/Interior LED Wall Sconces IP65 Waterproof Square Aluminum Wall Lamps Outdoor Lighting Fixture Up and Down Lights Modern Black 12W 3000K Warm Lights,ML-HWBD,misc,2,98.99,FPDS,,0,7
B0CGG19X3L,ESYTEOOT Bamboo Screwdriver Organizer Rack Desktop Hand Tool Stand and Repair Tool Storage Holder,HFJA101,misc,1,24.99,AmayaArtz,,0,7
B0CY54RM4K,"VEVOR Wall Mounted Storage Rack System, 30-Bin Parts Rack Organizer with Wall Panels/Tool Holders/Hooks, Garage Plastic Shop Tool Organizer for Nuts, Bolts, Screws, Nails, Beads, Buttons",30-Bin Parts Rack Organizer,misc,1,48.99,Amazon,,0,7
B0D3J71RM7,"Apple Pencil Pro: Latest Model - Device Compatibility Check Required - Pixel-Perfect Precision, Tilt and Pressure Sensitivity, Perfect for Note-Taking, Drawing, and Art. Charges and Pairs Magnetically",MX2D3AM/A,misc,1,99.0,Amazon.com,,0,7
B0DJ7GNDL8,"ApoloSign Digital Calendar: Electronic Calendar, Smart Touchscreen Interactive Display for Chore Chart, Family Schedules Planner, Supports All Apps via Google Play (Gray, 21.5-inch)",FA2189,misc,1,459.99,ElcSign,,0,7
B0CDW3B9J2,USB C to C Cable 3ft 2Pack Coiled USB C Charger Cable for Car Type C Fast Charging Cable for iPhone 16/15/Plus/Pro/Pro Max/Samsung Galaxy S23,USB C to USB C Cable 3Pack 3FT,dev-boards,3,17.09,KIYODA,,0,7
B0D9JWT4P1,"Vision Master E290 Development Board with 2.9"" E-Ink Display Screen, SX1262 Chip BLE WiFi ESP32-S3R8 LoRa Module Compatible with Arduino PlatformIO Micpython Meshtastic Raspberry PI IoT（902-928MHz",B0D9JWT4P1,dev-boards,3,33.32,MakerHawk-US,,0,7
B0CXJ71NB6,LILYGO T-BeamSUPREME Meshtastic 915Mhz ESP32-S3 LoRa L76K GPS WiFi Bluetooth Module TTGO Development Board with 1.3inch SH1106 OLED,L76K Version,dev-boards,3,61.0,Lily GO,,0,7
B0CLXJ62KM,"JOFIOS Solar Pathway Lights 8 Pack with Warm White and Cool White Mode, Modern Solar Path Lights Outdoor Waterproof, Perfect Solar Lights for Backyard, Lawn, Driveway, Walkway, Garden Decorative.",1,misc,2,125.99,JOFIOS,,0,7
B0CY2BPPD4,"Outdoor Electrical Box with Thermostat and Fan, Cold-Rolled Steel Plate, Aluminum Alloy Back Beam, One-Piece Ventilation Design, IP65 Waterproof, Wall/Pole Mounted. (15.7"" x 11.8"" x 7.9"")",Fan001,misc,3,139.99,zhuhaiyihong,,0,7
B09JZKK3KS,"GHome Smart Mini Plug Compatible with Alexa and Google Home, WiFi Outlet Socket Remote Control with Timer Function, Only Supports 2.4GHz Network, No Hub Required, ETL FCC Listed (4 Pack), White",WP3-4,misc,1,25.49,GHomeSmartUSA,,0,7
B0CF5KH6ZM,"KOOTION 256GB Micro SD Card UHS-I U3 V30 4K for Camera/Action Camera/Drone/Smartphone, Class 10 MicroSDXC Memory Card with Adapter",TF-256G,cameras,5,22.32,KOOTION,,0,7
B07HRCDDL1,"MR.SIGA Microfiber Cleaning Cloth,Pack of 12,Size:12.6"" x 12.6""",SJ21632,misc,2,12.66,Mr SIGA USA,,0,7
B0C386N52S,"myQ Smart Garage Door Video Keypad with Wide-Angle Camera,Customizable PIN Codes,and Smartphone Control-Take Charge of Your Garage Access Works with Chamberlain, LiftMaster and Craftsman openers,White",VKP1-MYQ,cameras,1,53.15,Amazon,,0,7
B0B87V7QTH,"TICONN Waterproof Electrical Junction Box IP67 ABS Plastic Enclosure with Hinged Cover with Mounting Plate, Wall Brackets, Cable Glands (Clear, 8.7""x6.7""x4.3"")",TICONN - 640,misc,3,25.44,TICONN US,,0,7
B0CJ9C4FFH,HCJYC 5 in 1 Protective Accessories Soft Silicone Case & EVA Carrying Case & 3 Pack of Screen Protect & SD Card Dust Plug & GPIO Dust Plug for Flipper Zero - Original Orange Set (Orange),HC-Blk-blkeav,dev-boards,2,9.99,CCYC,,0,7
B0CP6G4ZGC,NEMIX RAM 384GB (6X64GB) DDR5 5600MHZ PC5-44800 2Rx4 1.1V CL46 288-PIN ECC RDIMM Registered Server Memory KIT,B0CP6G4ZGC,dev-boards,1,2088.0,nvtek,,0,7
B0F2T741GZ,"COB LED Strip Light Kit-6pcs 3.3FT Self-Adhesive LED Light Parallel with Dimmable Touch Sensor Switch, Led Light Strip for Wood Slat Wall Panels, Headboards, Home Decor, Under Cabinet Strip Light",1,sensors,3,29.99,sanjin6,,0,7
B086Z6XMWP,Quoya Smart Curtain Tracks- Replacement Belt (14.4 Meters),0782290130185,misc,1,30.0,Quoya® Living Co. Ltd,,0,7
B07ZPLBLL5,Corsair Vengeance LPX 256GB (8x32GB) DDR4 3200 (PC4-25600) C16 1.35V Desktop Memory - Black,CMK256GX4M8E3200C16,dev-boards,1,706.55,Amazon.com,,0,7
B0BY3GTG48,"NZXT Kraken 360 RGB - 360mm AIO CPU Liquid Cooler - RL-KR360-W1 - Customizable 1.54"" Square LCD Display for Images, Performance Metrics - High-Performance Pump - White",RL-KR360-W1,dev-boards,1,207.86,Amazon Resale,,0,7
B0C6FY4JXF,"be quiet! Dark Power Pro 13 1600W Power Supply | ATX 3.1 Compliant | 80 Plus Titanium | Digital Regulation, for PCIe 5.0 and 6+2 Graphics Cards | 2X 12VHPWR Cable Incl | BN501",BN501,dev-boards,1,449.9,be-quiet-official,,0,7
B0D9WT512W,"WD_BLACK 8TB SN850X NVMe Internal Gaming SSD Solid State Drive - Gen4 PCIe, M.2 2280, Up to 7,200 MB/s - WDS800T2X0E",WDS800T2X0E,dev-boards,1,599.99,Amazon.com,,0,7
B0CQRYXWWQ,"ASUS Pro WS WRX90E-SAGE SE EEB Workstation Motherboard, AMD RyzenTM ThreadripperTM PRO 7000 WX-Series, ECC R-DIMM DDR5, 32 Power-Stage,7xPCIe 5.0x16, PCIe 5.0 M.2, 10Gb & 2.5Gb LAN, Multi-GPU Support",Pro WS WRX90E-SAGE SE,dev-boards,1,1191.13,Amazon,,0,7
B0DT7K9VV3,"MSI Gaming RTX 5090 32G SUPRIM Liquid SOC Graphics Card (32GB GDDR7, 512-bit, Extreme Performance: 2580 MHz, DisplayPort x3 2.1a, HDMI 2.1b, NVIDIA Blackwell Architecture)",B0DT7K9VV3,dev-boards,1,2999.99,Amazon.com,,0,7
B0CS69N2Z6,"Anker USB-C Hub, USBC to 4-Port USBC Adapter, Multiport USB C Splitter, USB 3.2 Display Hub with 100W Max PD & Max 10Gbps Fast Data Transfer for MacBook Pro, iPad, Surface Pro, Dell and More",A8340,misc,1,39.99,AnkerDirect,,0,7
B0DKJZKB8Y,HYTE Y70 Touch Infinite Dual Chamber ATX Mid Tower Modern Aesthetic Case with Integrated 2.5K LCD Touchscreen - Panda/White,CS-HYTE-Y70TTI-WB,dev-boards,1,399.99,Adorama,,0,7
B07Y7QW4VP,Wirefy 12/2 Low Voltage Landscape Lighting Copper Wire - Outdoor Direct Burial - 12-Gauge 2-Conductor 250 Feet,LW-122-250,misc,2,115.89,Tough Outfitters,,0,7
B08K1BVGN9,ruthex Threaded Inserts M2 + M3 + M4 + M5 Assortment Box - 70 + 100 + 50 + 50 Pieces - Brass Heat Set Insert for Plastic Parts - Metric knurled Nuts - Insert by Heat into 3D Printing Components,GE-P-D,misc,2,31.99,ruthex,,0,7
B0CKVX3DTW,SUNVIE 300W Low Voltage Landscape Transformer with 2 Independent Control Output Landscape Lighting Transformer with Timer and Photocell Sensor 120V AC to 12/14V AC Weatherproof Low Voltage Transformer,LVTMH2Z300W,sensors,1,119.99,SUNVIE LIGHTING,,0,7
B0F64RCGN7,"SUNVIE 5W Anti-Glare Low Voltage Pathway Lights Wired 12-24V LED Landscape Path Lights 3000K Cast-Aluminum Waterproof Outdoor Landscape Lighting with Connectors for Walkway Yard Garden, 12 Pack",LDAWB0512C,misc,1,179.99,SUNVIE DIRECT,,0,7
B0B7BK7DPP,"INCLY 278PCS Pegboard Accessories Organizer Kit, Peg Board Hooks Assortment with Bins for Organizing Various Tools, Fit 1/8 or 1/4 inch Pegboard for Hanging Storage, Garage Wall Attachments",NC0105,misc,1,26.59,Incly,,0,7
B0CJM767KB,TTGO T-SIM7000G Module ESP32-WROVER-B Chip WiFi Bluetooth 18560 Battery Holder Solar Charge Development Board,LHXn_BH_1248,dev-boards,2,64.47,iGouDi,,0,7
B0BYZLHT5J,BTF-LIGHTING COB 10mm/0.39in Width LED Connector Kit 6Pcs 3 Pin Transparent Gapless L-Shaped 4Pcs 4Pin Strip to Strip Connectors for PWM FCOB CCT(+ CW WW) LED Lights,9d9530f1-792a-4912-982b-61a79b5531ab,misc,1,9.79,BTF-Lighting,,0,7
B095VWHPCC,"EMITEVER 24V Power Supply, 60W LED Power Adapter UL-Listed, 100-240V AC to 24V DC 2.5A Converter Lighting Transformers for LED Strip Lights,CCTV Cameras",EM-DC-60W,cameras,1,19.79,Emitever US,,0,7
B0C9JSY1KM,"Furrion Enhanced Multi-Zone Wall Thermostat with App Control for Chill RV Air Conditioner Systems, Three Fan Speeds, Sleep Function, Auto Restart, LCD Digital Display, Backlight - 2022068580",FACW12APZA,misc,1,109.57,Amazon.com,,0,7
B013PGADAW,"Globe Clotrimazole Antifungal Cream 1% USP (1 oz), Anti Fungal Treatment, Relieves Itching, Burning, Cracking and Scaling Associated Athletes Foot, Jock Itch, Ringworm and More",4010-FBA,misc,1,4.85,iTrifecta,,0,7
B09F9BNYQ2,uxcell MR2010ZZ Deep Groove Ball Bearings 10mm x 20mm x 6mm Double Shielded Chrome Steel P0(ABEC1) 10pcs,a19121700ux0136,misc,1,13.09,Amadeo City,,0,7
B082PRVZ7B,uxcell MR105-2RS Deep Groove Ball Bearings 5mm Inner Dia 10mm OD 4mm Bore Double Sealed Chrome Steel Blue Seal Z2 20pcs,a19092000ux1261,misc,1,11.79,uxcell,,0,7
B0949KFZ8V,"M4-0.7 x 8mm Flat Head Socket Cap Screws Bolts, Stainless Steel 18-8 (304), Bright Finish, Allen Socket Drive,Machine Screws Inner Hex Screw Fasteners Bolts (50pcs)",763722101850,misc,1,6.59,YGTGZ,,0,7
B0CTCSJ7Y8,"uxcell Knurled Insert Nuts, 50pcs M4 x 4mm L x 6mm OD 3D Printing Brass Nuts Female Threaded Inserts Brass Heat Set Insert Embedment Nuts",a23122300ux0293,misc,1,6.99,Amadeo City,,0,7
B085CBSS5Y,mitreapel Silicone Mold Release Spray (14.4 oz) Release Agent Aerosol Spray,BK30,misc,1,11.99,Benasse,,0,7
B0C9JSBGP8,"Furrion Enhanced Standard Single Zone Controller for Chill Air Conditioner System with 2-Fan Speed, Auto Fan Operation, Short-Cycle Protection, Auto Restart, Climatesmart, Vibrationsmart - 2021130948",FACC10ESSA-BL,misc,1,71.15,Amazon.com,,0,7
B083Y1Y3KB,"Xwartre UL Certified Thermostat C Wire 24V Transformer, White Adapter Compatible with Honeywell, Nest, Emerson, Ecobee, Wyze Thermostat and Most Doorbells (26FT Power Cable)",740226048980,power,1,16.99,Xwartre,,0,7
B093TRFQWP,"Google Nest Power Connector - C Wire Adapter for Smart Thermostats - 3.98in Accessory, Snow",GA02493-US,power,1,24.99,Amazon,,0,7
B01FVWCKKE,Ultra Flexible SMA to N Cable 15-Meter(49.2 Ft) Low Loss RG58 N Male to SMA Male Antenna RF Coaxial Cable and Two-Way Radio Applications Pure Copper 50 ohm for 3G/4G/LTE/ADS-B/Ham/WiFi/RF Radio,OL-2977-X,antennas,1,17.69,OneLinkMore Tech,,0,7
B073XBG38V,Prime Membership Fee,B073XBG38V,misc,2,14.99,Amazon US,,0,7
B0FBGTYQH3,LILYGO T-Deck Plus ESP32-S3 915Mhz LORA-89 SX1262 Ulbox GPS 2.8-inch Display TTGO Development Board Black Keyboard External Antenna Strap ABS Shell,Meshtastic Firmware,dev-boards,1,89.0,Lily GO,,0,7
B0DPWZ6W5L,"USB C to USB C Hub Dual Monitor Adapter with 4K@60Hz USB4 Display Ports Video Output,100W PD, 10Gbps Data Transfer, USB-C Splitter Multiport Dongle for MacBook Pro, iPad Pro and More Type C Devices",MOUC6101,misc,1,59.99,MOKiN Direct,,0,7
B0CMLGS4YG,"NAOEVO 22 Gauge Wire 360ft, 22 AWG Wire 6 Colors 60ft Each Spool, Flexible Silicone Tinned Copper Electrical Cable, Wiring kit for Breadboard/Automotive/DIY/Battery, 200℃",NAOEVO,power,1,24.99,NAOEVO,,0,7
B0BM26L46T,"BISupply Wall Mount Electrical Wire Spool Rack Holder - 2 Rod Cable Rack for Ribbon, Filament, Automotive Wiring Storage",823689,misc,1,39.99,Marketplace Pros,,0,7
B0F1CXG94J,"2 Pack ESP32 LoRa V3 Development Board + 1100mAh Battery + Protect Case Set - with 915MHz Antenna and SX1262 LoRa V3 Devices for Meshtastic Arduino LoRawan IOT (N30 Version, Black)",V3,dev-boards,1,63.99,YIJinfan Direct,,0,7
B09VKF38KW,"MyMed Pack of 40 Sterile Petri Dishes with Lids (90 x 15 mm), 2ml Plastic Pipettes for Lab Analysis, School Projects, Blood Samples, Bacteria, Plant & Seed Cultivation Petri Dish (40)",PD20Ppt,misc,1,9.5,MyMed,,0,7
B0D5QHXYGF,"RAIGEN LoRa Fiberglass Antenna & Magnetic Base, SMA Male Connector 6.5ft Raigen-200 Cable for 915Mhz Helium Hotspot Miner for MNTD, Nebra, RAK V2, Bobcat, Syncrob, and Sensecap (5.8 dbi)",B0D5QHXYGF,antennas,1,54.95,RAIGEN,,0,7
B01FV1DD9C,915Mhz / 13 dBi gain Yagi LoRa Antenna - Excellent for Helium Hotspot Mining,EW-915-13-YAGI,antennas,2,87.0,Embedded Works - Wireless Professionals,,0,7
B0DJ6KGXKB,SenseCAP Card Tracker T1000-E for Meshtastic,B0DJ6KGXKB,misc,1,44.09,Seeed Studio Official,,0,7
B0DL6898CP,"25L Scientific Incubator, Heating & Cooling Digital Incubator Laboratory, Precise Temperature Control from 10 to 60°C(72°F to 140°F), Lab Incubator with Handle, AC and DC Power, for Growing Yeast",PIS_0141WSQ0DZi2geL,power,1,151.99,YaniTop,,0,7
B0DVHV7X53,"Google Pixel 9a with Gemini - Unlocked Android Smartphone with Incredible Camera and AI Photo Editing, All-Day Battery, and Powerful Security - Obsidian - 128 GB",GA05769-US,cameras,1,423.99,Amazon.com,,0,7
B0DGPVLHD5,"yAyusi Dual-lamp Video Conference Lighting, LED Streaming Light with Remote and Touch Control, Zoom Lighting for Computer,Webcam Laptop Monitor Ring Light for Video Calls/Zoom Meetings/Video Recording",F-663,misc,1,37.49,yAyusi-us,,0,7
B0DWPKQ3LH,"HP 15.6 inch Laptop, HD Touchscreen Display, AMD Ryzen 5 7520U, 8 GB RAM, 512 GB SSD, AMD Radeon Graphics, Windows 11 Home, Natural Silver, 15-fc0499nr",B8QE2UA#ABA,dev-boards,1,359.99,Amazon.com,,0,7
B0F93RCL8N,SOOMFON Stream Controller SE Stream Control Deck with 6 Customizable LCD Macro Keys to Trigger Actions in OBS Twitch YouTube for Content Creators Streaming Gaming Compatible with PC & Mac,CN002-BN1,misc,1,51.99,SOOMFON OFFICIAL,,0,7
B0F18FK43Y,CENMASO for Google Pixel 9a Case with Card Holder (4 Cards) Sliding Camera Cover & Kickstand【RFID Blocking】 Military Drop Protection & TPU Edge Wallet Case for Pixel 9a-Black,Pixel 9 Pro XL QBK-1,cameras,1,15.29,CENMASO Store,,0,7
B0C1CQ99RK,"Furrion® FACR13HESA-PS-AM, White Chill HE RV Roof Air Conditioner-13.5K, 13.5k BTU",FACR13HESA-PS-AM,misc,1,741.41,Amazon.com,,0,7
B07ZNG4L9P,"SUNLU 3D Printer Filament PLA Filament 1.75mm, Neatly Wound 3D Printing Filament 1.75mm, Dimensional Accuracy +/- 0.02 mm, Fit Most FDM 3D Printers, 1kg Spool (2.2lbs), Transparent, Clear PLA",1.75 PLA Filament,misc,1,13.99,SUNLU Industry,,0,7
B09KYKLGKP,"iRobot Authentic Replacement Parts Cleaning Solution, 6-Pack",4723291,misc,1,32.99,Amazon.com,,0,7
B08VNB7MVQ,"Arteza 16 Drawer Storage Cabinet, 17.7 x 8.2 x 10.9 inches, White, Plastic Drawers with Stoppers, Multi Compartment Organizer for Makeup and Art Supplies",ARTZ-4092,misc,2,54.79,ARTEZA,,0,7
B0CZPN3D9K,MyoWare 2.0 Wireless Shield - wirelessly Transmit Data with The ESP32-WROOM chip - Input 5V via USB C Connector - Output 3.3V - ESD Protection Diodes for USB Data Lines,DEV-23387,dev-boards,2,26.95,SparkFun Electronics Inc.,,0,7
B00QMQX85K,"EISCO Liquid Propane Micro Bunsen Burner, StabiliBase Anti-Tip Design with Handle, with Flame Stabilizer, LP",CH0994LP,misc,1,24.55,hBARSCI,,0,7
B0DGGFFY8K,"MakerFocus Wireless Tracker Supports GPS Galileo Multi-System Joint Positioning ESP32-S3 WiFi Bluetooth SX1262 UC6580 with 3000mAh Battery, 915MHz LoRa Antenna, 0.96-inch LCD Display for Meshtastic",B0DGGFFY8K,dev-boards,2,35.49,MakerFocus,,0,7
B0BVFMR1VY,"Yopay 10 Pack Media Storage Bottles with GL45 Blue Screw Cap, 250ml Reusable Glass Bottle, Round Scientific Glass Container for Labs, Classrooms or Home Use",YO-MediaStorageBottle-250ml-10P,misc,1,25.89,Suwimut,,0,7
B0C3571PLB,"Kashi Scientific 2mL Microcentrifuge Tube with Safe Lock Snap Cap [500/Pack] 2 mL Safety Lock Centrifuge Tubes with Flip Cap, Clear Tubes with Graduation, Polypropylene, Plastic Lab Snap Tubes",102C,misc,1,19.99,Kashi Scientific,,0,7
B0DMN28TRW,"AYWHP 3 Set ESP32 LoRa Development Board with Case, LoRa V3 Meshtastic ESP32 WiFi, LoRa V3 WiFi Bluetooth Dual Core 240MHz CP2102 Chip with 0.96"" OLED Display and 863-928MHz Antenna for Arduino",B0DMN28TRW,dev-boards,3,64.66,Quan Ruiqi,,0,7
B09X2NTTX1,"SEUNMUK 2 Pack Lab Stand Set, Lab Grade Stand Support Set with Coated Base, 4 Retort Rings, 2 Flask & Burette Clamps",SEUNMUK,misc,2,30.79,SEUNMUK,,0,7
B0DT3RTK9D,"12 Packs ESP32-DevKitC-32 Development Board modules(ESP-32D,ESP-32 CP2012 USB C with 38 pins),Supporting STA/AP/STA+AP,with WiFi+Bluetooth Dual-core and Type-C Interface.",H1-HBB0059-12,dev-boards,2,55.48,XKD store,,0,7
B0B87TNPRY,"TICONN Waterproof Electrical Junction Box IP67 ABS Plastic Enclosure with Hinged Cover with Mounting Plate, Wall Brackets, Cable Glands (Clear, 15.7""x11.8""x7.1"")",TICONN - 642,misc,1,75.99,TICONN US,,0,7
B0B658DZ9Z,LILYGO T-Echo Meshtastic LoRa SX1262 Wireless Module 915MHz TTGO Development Board NRF52840 GPS RTC NFC Arduino with BME280 Pressure Sensor,T-ECHO,dev-boards,6,89.5,Lily GO,,0,7
B0DNF89PF2,"Spec5 Relay Solar-Powered Meshtastic LoRa Relay System Long-Range, Communication Station for Off-Grid & Remote Areas - 915 MHz, 12W Solar Panel, Waterproof, Autonomous Operation",Spec5 Relay,power,2,274.99,"SpecFive, LLC",,0,7
B0BT9XQ23V,"Stainless Steel Single Tier Speed Rail, Liquor Rack, Speed Rack, Bottle Holder - 15 Inch",WUOYCEV11,misc,1,29.99,Pivito Deals,,0,7
B0BZ4WV4PQ,"BME688 Environmental Sensor with AI Function, Supports Temperature/Humidity/Barometric Pressure/Gas Detection, I2C and SPI, Support Raspberry Pi/Raspberry Pi Pico/Arduino / ESP32,etc.",B0BZ4WV4PQ,dev-boards,10,28.83,UeeKKoo,,0,7
B095CN96JS,"Amazon Basics 2-Ply Soft Toilet Paper, 30 Rolls (5 Packs of 6), Equivalent to 185 Regular Rolls, Packaging May Vary",421193,misc,1,25.21,Amazon.com,,0,7
B01EV70C78,"ELEGOO 120pcs Multicolored Dupont Wire 40pin Male to Female, 40pin Male to Male, 40pin Female to Female Breadboard Jumper Ribbon Cables Kit Compatible with Arduino Projects",EL-CP-004,dev-boards,2,6.93,ELEGOO Official US,,0,7
B0DK3G77TC,"THANDBLE USB C to 3 HDMI Adapter with 100W PD Charging, Triple 4K60Hz Monitor Extender for Dell/Surface Pro/HP, HDMI Splitter Extended Display Hub, Plug & Play Laptop Multi-Screen Adapter",3-Port USB-C Multi-Monitor Adapter,misc,1,47.39,THANDBLE-Direct,,0,7
B0C3PFQZ4G,"OREI SplitExtend HDMI Splitter Extended Display for Dual Monitor - Multi-Monitor Display 3 Separate Screens - USB A & USB-C Adapter to HDMI 2.0, 4K@30Hz Output 1, 1080p Output 2 for Windows, Mac OS G",USB-C2HDMI2,misc,1,49.99,OREI Direct,,0,7
B0CBPNWCVS,"Logitech MK540 Advanced Wireless Keyboard and Mouse Combo for Windows, 2.4 GHz Unifying USB-Receiver, Multimedia Hotkeys, 3-Year Battery Life, for PC, Laptop",920-012585,dev-boards,3,47.99,Amazon.com,,0,7
B0D1DFRKNG,"SAMSUNG 32-Inch ViewFinity S7 (S70D) Series 4K UHD High Resolution Monitor with HDR10, Multiple Ports, Easy Setup Stand, Advanced Eye Care, LS32D702EANXGO, 2024",LS32D702EANXGO,dev-boards,2,234.56,Amazon.com,,0,7
B09L7X2KPP,Gebildet 10pcs 6mm 3V-4.5V-5V-6V-7.5V-9VDC LED Metal Indicator Light Waterproof Signal Lamp Pilot Dash Directional Car Truck Boat with Wire(Red/Orange/Blue/Green/White),E726,misc,5,9.99,Gebildet,,0,7
B0D53KLM7K,"ELII 327 PCS Cable Management Kit 4 Cable Cable Sleeves,65 Cable Clips with 13Cord Holders,25 Roll Cable Organizer Straps,200 Fastening Cable Ties,20 Cable Zip Tie Mounts for Computer (Black)",ELII-20240524-01,misc,1,15.25,ELII,,0,7
B09TXL8NQ5,"Waveshare Jetson Nano Development/Expansion Kit, 16GB eMMC, Alternative Solution of B01 Kit Compatible with Both Jetson Nano and Jetson Xavier NX Optional Jetson Nano Core Module",JETSON-NANO-DEV-KIT,dev-boards,1,189.99,waveshare,,0,7
B098DPR27M,"Scissors, Multipurpose office Scissors,8.5 Inch Ultra Sharp Shears, Comfort-Grip Handles Household scissors，Sturdy Sharp Craft Supplies - Pack of 5, Right/Left Hande",j001,misc,1,9.98,Guangxun,,0,7
B0B9V8Z3CT,"VIVO Large Keyboard Tray Under Desk Pull Out Platform with Pencil Drawer, Extra Sturdy C Clamp Mount, 27 (33 Including Clamps) x 11 inch Slide-Out Tray with Storage Drawer, White, MOUNT-KB05-4DW",MOUNT-KB05-4DW,misc,3,59.99,V I V O,,0,7
B00QQH66AO,"Mounting Dream TV Mount Fixed for Most 42-84 Inch Flat Screen TVs, TV Wall Mount Bracket up to VESA 600 x 400mm and 132 lbs - Fits 16""/18""/24"" Studs - Low Profile and Space Saving MD2163-K",MD2163-K,misc,2,29.99,Mounting Dream,,0,7
B0BXNGHKMR,"Perlegear Studless TV Wall Mount for Most 24-55 Inch TVs up to 100 lbs, No Stud TV Mount, Drywall TV Bracket with Max VESA 400x400mm, No Drill, Easy Install, Low Profile, PGMT7",PGMT7,misc,2,14.98,Bestergo Direct,,0,7
B0B75JJQ9Q,"METALTER Screwdriver Rack, Small Tool Storage Holder for Desk Top, Work bench Organizer, Aluminum Alloy, Dark Grey",MT10010,misc,1,25.25,Metal Alter Tools,,0,7
B0DQTQQBZ9,"Creality K2 Plus Combo 3D Printer, Multicolor Printing with 16 Colors, 600mm/s High-Speed Printing, Dual AI Cameras for Monitoring, Full-Auto Leveling, Large Build Volume 350×350×350mm",K2 Plus Combo,cameras,1,1499.0,Wolias,,0,7
B0BMVR7TZK,Nilight 12mm Push Button Switch 5PCS with Pre Wired Harness 12V 24V Stainless Steel Self Locking Latching LED Round Switches SPDT 4Pin Waterproof Metal for Boats Cars Truck,90252B-A,misc,1,14.39,Amazon.com,,0,7
B0BJTWB72D,"32PCS 30 Scalpel Blades with #10#11#23 Scalpels Surgical Sterile Blades Including Two Handle,Laboratory Blade-Lab Knives- Carving Blades with Handle-Art Blades Practicing Cutting-Crafts & More",B0BJTWB72D,misc,1,8.99,YixangDD,,0,7
B00AWS3QV0,"EISCO CH0688 Labs Clamp Retort, 3 PVC Coated Prongs (Opens to 90mm in Dia.) with Boss Head",CH0688,misc,4,16.79,hBARSCI,,0,7
B087QGTZ1G,Hotop 2 Pcs Inoculation Loop Mycology Reusable Inoculating Loop with 90 Replaceable Nichrome Needle Tip Vaccination Rings Vaccination Rod for Mycology Supplies Lab Tool,Hotop-Reusable Inoculating Loop-0096,misc,1,12.99,Spareak Inc,,0,7
B08Y8M54M9,"Digital Caliper Measuring Tool, Stainless Steel Vernier Caliper Digital Micrometer with Large LCD Screen, Easy Switch from Inch Metric Fraction, 6 Inch Caliper Tool for DIY/Household",B08Y8M54M9,misc,1,19.98,ADRIO-US,,0,7
B00G4CJ8GK,Sharpie Permanent Markers Bulk Set Fine Tip Markers Set For Plastic Metal Wood And More Black 36 Count,1884739,misc,1,17.97,Amazon.com,,0,7
B0D63D9Z5F,"KOOTION 32GB Micro SD Cards 10-Pack, UHS-1 TF Flash Memory Card, U1, Class 10 microSDHC Card with Adapter",293645c6-021c-4af2-a8fb-a40dbbd4b64e,misc,1,39.99,KOOTION,,0,7
B0C7VY246L,NoCry Safety Face Shield Mask for Work with Premium Anti Fog and Anti Scratch Technology - Durable ANSI Z87.1 Certified Grinding Face Shield with Extreme Impact Resistance,UltraShield Pro Mask,misc,1,36.99,NoCry Work Gear,,0,7
B07N2KM9RH,"VEVOR New Laboratory Glassware 24/40 Chemistry Glassware 29PCS Chemistry Lab Glassware Kit 250 1000ml for Distillations Separation Purification Synthesis（24/40, 29PCS）",Kit de Distillation,misc,1,82.99,Suplander,,0,7
B0F195XM47,Shrooly® Indoor Mushroom Growing - Easy Plug & Grow System for Gourmet & Functional Mushrooms. Premium Device for Bountiful Harvests in 7-10 Days. Automatic Control of Light and Humidity (without kit),Shrooly S1 USA,misc,1,289.0,Shrooly,,0,7
B088KL1WTX,"X-Sense Mini Smoke Alarm, 10-Year Battery Fire Alarm Smoke Detector with LED Indicator & Silence Button, XS01, 6-Pack",XS01,power,1,89.99,X-Sense US,,0,7
B09BZ4F4X8,"Luoxun-LX 500ml Soxhlet Extractor Kit,Soxhlet Extraction Apparatus with Condenser, Flat Bottom Flask, Lab Glassware (500ml)",1,misc,1,85.7,Luoxun-LX,,0,7
B0DP2S8V6N,Creality K2 Plus Build Plate Epoxy Resin Coating 370x370mm Spring Steel Magnetic K2 Plus Smooth Build Plate EP Bed Plate for Creality K2 Plus,LD-3D-AC-Bed-Ender3V3SE-110,misc,1,35.99,Creality LD Direct Store,,0,7
B0824DBV87,22 Pieces Stainless Steel Lab Spatula Micro Scoop Set Laboratory Sampling Spoon Mixing Spatula for Powders Gel Cap Filler,Mudder-Micro Scoop-01,misc,1,14.49,Honoson,,0,7
B0DKSS4K6N,"Long Range Soft Whip 915MHz LoRa Antenna with SMA Male Connector for Heltec V3 Meshtastic LORA32 915MHz ESP32 LoRa OLED Board + IPEX Extension Cable Adapter（2 Sets）, Eifagur",B0DKSS4K6N,dev-boards,1,12.99,eifagur,,0,7
B0788ZMZ7X,"AC Infinity AIRFRAME T7 Black, High-Airflow Cooling Fan System 17"", Exhaust Airflow, for AV Equipment Rooms, Closets, and Enclosures",AC-AFT7-BE,misc,2,119.0,AC Infinity,,0,7
B0D56GV4X1,"ACEMAGICIAN AMD Mini PC Ryzen 7430U, Mini Gaming PC 32GB DDR4 512GB SSD, Mini Computers Micro Desktop PC Support 4K Triple Display/WiFi6/BT5.2 for Gaming/Office/Home",RYZEN 5 32GB 512GB,dev-boards,1,389.99,ACEMAGICIAN US,,0,7
B0CNH8H6NG,"waveshare 5inch Round LCD 1080 x 1080, IPS 10-Point Touch Screen for Raspberry Pi 4B/Raspberry Pi 3B+/Pi3B/Raspberry Pi Zero W/Zero WH/Raspberry Pi Zero 2W/Jetson Nano/PC, HDMI/USB Type-C Interface",f571e31b-4248-43c5-b4e8-20ea18a707b2,dev-boards,1,140.15,UeeKKoo,,0,7
B0CQT9J4K8,"MakerFocus Wireless Tracker Supports GPS Galileo Multi-System Joint Positioning ESP32-S3 WiFi Bluetooth SX1262 UC6580 with 915MHz LoRa Antenna, 0.96-inch LCD Display for Meshtastic Arduino",UC6580,dev-boards,1,25.49,MakerFocus,,0,7
B09991HDXG,"VEVOR Drill Bit Dispenser Cabinet, Three-Drawer Drill Bit Dispenser, Drill Bit Organizer Cabinet Cold Rolled Steel, 27-Compartment Drill Dispenser Organizer Cabinet Holder for Letter Sizes A to Z",drill bit dispenser 7 kg,misc,1,50.37,Amazon.com,,0,7
B07SST5GDB,"Sensor, AS3935 Storm Distances Detection Sensor SPI I2C Interfacing 2.4V-5.5V for Phones Watches Electronic Devices",Yosoowd1feuimkp,sensors,2,30.25,ochun,,0,7
B088BBJ9SQ,"youyeetoo TF-Luna Lidar Sensor Kit, with 1x USB-TTL Adapter 1x Dupont Line, 0.2-8m Measurement Range Distance, Support Raspberry Arduino STM32 MCU for Drone Industrial Sensing Robot Smart Home",TF-Luna,dev-boards,1,24.99,youyeetoo tech,,0,7
B09HHDRFRN,"Amazon Basics Hydrogen Peroxide Topical Solution USP, Unflavored, 32 Fl Oz, Pack of 6",B09HHDRFRN,misc,1,37.09,Amazon.com,,0,7
B0CY1XKZQC,"DIYmall 2pcs 915MHz LoRa32 V3 ESP32 S3 WiFi+BT Development Board with 5DBi LoRa Antenna 0.96"" OLED Display SX1262 LoRa Kit forMeshtastic IoT",B0CY1XKZQC,dev-boards,2,47.99,DIYmall,,0,7
B00NS4J6BY,Thermaltronics TMT-TC-2 Tip Tinner (20g) in 0.8oz Container,FBA_TMT-TC-2,misc,2,6.35,Thermaltronics,,0,7
B074GG4L95,EZ BioResearch Potato Dextrose Agar (PDA) Plates for Mushroom Cultivation (10 Pre-Poured Agar Plates),PDA-10,misc,1,21.95,EZ BioResearch LLC,,0,7
B0DPZW6KXT,MakerHawk 3.7V Lipo Battery 1000mAh 803040 Rechargeable Battery Lithium Polymer Battery with Micro PH1.25 Connector Integrated Protection Circuit for Electronic Device (4 Pcs),B0DPZW6KXT,power,2,16.99,MakerHawk-US,,0,7
B0B6PVJTHY,"JROUTH 1500pcs Screws Assortment , M2 M3 M4 M5 10.9 Grade Alloy Steel Hex Flat Head Cap Bolts Nuts Washers Assortment Kit with Hex Wrenches",M2-M5-1500,misc,1,26.48,JROUTH,,0,7
B06XNP8J4R,3M Micropore Tape 1530-1 (2 rolls) 1 x 10 yards,1350-1,misc,1,4.61,Preferred Pharmacy Plus,,0,7
B01D1FFVOA,ALITOVE 100pcs WS2812B Addressable 5050 Smart RGB LED Pixel Light on Black Heat Sink PCB Board 5V DC Compatible with Raspberry Pi for DIY Lighting Project,ALWS2812B1LEDBK,dev-boards,1,14.99,ALITOVE,,0,7
B013JRWCBU,Letool 30 Pairs JST 1.25mm 2 Pin Micro Male Female Connector Plug with Red Black Wire Cable 80mm,5738466,misc,2,6.99,A-Tools supplier,,0,7
B0B2D89WLT,CHANZON 30 Pairs Jst PH 2.0 mm Pitch 22AWG 2Pin Plug Connector for 10cm and 15cm UL1007 Tinned Copper Wire for Battery H67 H36 Blade Inductrix E010 E013.,PH2PUK-10-15-MF-1007-22AWG-30,power,1,9.99,Chanzon,,0,7
B0DB5MH38T,"915MHz Antenna 10dBi Gain for Meshtastic LoRa Long Range Soft Whip Antenna, 17cm Omni SMA Male Black (2 Pack)",B0DB5MH38T,antennas,1,25.99,MakerHawk-US,,0,7
B099P57WJN,ES EVVIVA SCIENCES Pre-Poured Black Malt Extract Agar Plates - Includes Both Black Dye & Charcoal for Enhanced Culture Visualization - Excellent Growth Medium - Great for Mushrooms & Science Projects,EV60,misc,2,31.99,Evviva Sciences,,0,7
B0C8NTZ3QG,Kanayu 30 Pcs Small Solar Panels 3v 120ma Mini Polycrystalline Solar Cells DIY System Kits Epoxy Panel Module Photovoltaic Cells Charger 60 x 55 mm for Light Phone Charger Flashlight,WAE-Kanayu-1664,power,1,29.99,Waeeshy,,0,7
B07NFSFBXQ,"Amazon Basics 99% Isopropyl Alcohol First Aid For Technical Use,16 Fluid Ounces, 1-Pack (Previously Solimo)",B07NFSFBXQ,misc,2,7.1,Amazon.com,,0,7
B0CTXL61LY,915MHz LoRa Antenna Indoor 3dBi Gain Omni SMA Male + IPEX Cable 2 Pcs,TY-CSA27,antennas,1,9.99,Tenmory,,0,7
B08XHX9XJK,iplusmile Stainless Steel Single Ended Micro Straight Dissecting Needle for Lab Dissecting Needle for Lab Experiment Equipment,G36A3PA6FH20943GXT0O,misc,2,17.69,ubestsky,,0,7
B0BKL93X2J,"ESP32 Development Board WT32-SC01 Plus with 3.5in 320 * 480 Based on ESP32-WROVER-B Multi-Touch LCD Screen with GUI Firmware 4MB SPI Flash/8MB PSRAM, WiFi, BT, BLE MCU Module for Arduino",B0BKL93X2J,dev-boards,1,41.99,Aitrip,,0,7
B0DMK4QPPD,"Meshtastic Long Range 915MHz Lora Magnetic Base Antenna with SMA Male for ESP32 LoRa V3 Development Board 915MHz LoRa Module with 10cm IPEX Extension Cable (2 Sets), Slinkdsco ﻿",B0DMK4QPPD,dev-boards,1,19.95,slinkdsco,,0,7
B07W6ZPH7D,Comimark 2Pcs LoRa SX1278 Long Range RF Wireless Power Mental Module SX1276 5Km for Arduino,LY369,dev-boards,1,12.79,"ZhongTao(品牌已备案,跟卖必投诉封店,绝不和解)",,0,7
B0CGR8ZLTZ,"99.9% Solid Bare Copper Wire, 20 Gauge 310Ft,1lb Spool,Supplied by Wonderway (20 Gauge/0.8mm, 16oz)",TX-16OZ,misc,1,20.99,XING WEI,,0,7
B0D8T53CQ5,"ELEGOO 3PCS ESP-32 Development Board USB-C, 2.4GHz Dual Mode WiFi+Bluetooth Dual Core Microcontroller for Arduino IDE, Support AP/STA/AP+STA, CP2102 Chip",EL-SM-012,dev-boards,1,19.99,ELEGOO Official US,,0,7
B0C9H7Y66W,3PCS ESP32 ESP32-S3 Development Board Type-C WiFi+Bluetooth Internet of Things Dual Type-C Core Board ESP32-S3-DevKit C N8R2 Development Board ESP32-S3 Module,DA11892-1,dev-boards,1,17.99,Dorhea,,0,7
B0DG8L5NG5,ESP32 ESP32-S3 Development Board AYWHP 5 Pcs ESP32 S3 ESP32-S3-DevKitC Module with WROOM-1-N16R8 Low Power MCU with Dual-Mode Wi-Fi and Bluetooth Type-C Connector Compatible with Arduino,YY1-0163,dev-boards,1,33.99,Quan Ruiqi,,0,7
B078HY1WP1,exgoofit Phono RCA Screws Male Female Plug to AV Screw Terminal Audio/Video Connector Adapter (10 Male +10 Female Connector),CAM902072M,misc,1,8.9,Exgoofit,,0,7
B082ZPKV5W,uxcell PCB Panel Mount Single RCA Socket Female Jack Audio Video AV Connector Black 2pins 10Pcs,a19092900ux0312,misc,1,7.99,uxcell,,0,7
B0DJQGS5JL,"BNUOK 120pcs M3 x 50mm Hex Socket Head Cap Screws Bolts, 12.9 Grade Alloy Steel, Black Oxide Finish, Allen Socket Drive, Full Threads,with Hex Spanner",BNH02022,misc,1,9.99,BNUOK Fasterner,,0,7
B000X05G1A,"Superior Pump 91250 1800GPH Thermoplastic Submersible Utility Pump with 10-Foot Cord, 1/4 HP",91250,sensors,1,59.73,Amazon.com,,0,7
B07BTXK1NG,Chanzon SMD Fast Switching/Schottky/Rectifier Diode Assorted Kit (15 Values Total 150pcs: M1 M4 M7 S1M S2M S3M SS14 SS16 SS24 SS26 SS34 SS36 RS1M US1M LL4148) Electronic Component Assortment Set,DIODE-KIT2-SMD-150,misc,1,6.99,Chanzon,,0,7
B0CJ78KXRH,risingsaplings 500pcs 1206 SMD resistors kit 270R 1K 4K7 10K 20K (5 Types Each 100pcs),RES-KIT,misc,1,9.99,rising saplings,,0,7
B0711MB4TL,Hilitchi 60-Pcs 100 to 500K ohm 3296W Multiturn Trimmer Potentiometer Assortment Kit - [12 Value],HDR-3296-1,misc,1,12.99,Hilitchi,,0,7
B00W874Y46,"Earthwise GS70015 15-Amp Garden Corded Electric Chipper, Collection Bin",GS70015,misc,1,201.77,Amazon.com,,0,7
B0CSBZVR6F,"2 Pack Continuous Spray Bottles - Ultra Fine Mist Sprayer | Water Spray Bottle For Hair Mister Spray Bottle | Hair Spray Bottles For Hairstyling, Cleaning, Salons - 2pk 6.8 OZ / 200 ML",SP019,misc,1,7.64,Super +,,0,7
B07DB1HCKP,DEPEPE 6pcs 500ml Plastic Safety Wash Bottles Lab Squeeze Bottle LDPE Squirt Bottle Tattoo Bottle with Narrow Mouth and Scale Labels (17oz x 6 Bottles),DEPEPE20180527,misc,1,16.99,SimpleBreeze,,0,7
B00PV6J1F8,"McKesson Hydrogen Peroxide 3%, 1 Gallon [Pack of 1] Topical Solution USP, First Aid Antiseptic, Oral Debriding Agent",23-A0013,misc,1,16.45,SimplyMedical,,0,7
B01KK014F4,Isopropyl Alcohol Grade 99% Anhydrous - 4 Gallon,IsA4G,misc,1,67.94,FlaLab,,0,7
B0B1LM2V5W,"19V Power Cord for Samsung TV 32"" UN32 J4000 J4500 J5205 J5003 J525D UN32J4000AF UN32J5205AF UN32J525DAF UN32J5003AF UN32J400DAF A4819-FDY BN44-00837A LCD Monitor Charger,HW-M360 Soundbar Power Supply",DL90190400,power,1,14.99,RUIQIU-direct,,0,7
B07MSC2YGT,"uxcell M3x100mm Pushrod Connector Stainless Steel Rod Linkage,for RC Boat,Car,Airplane,Helicopter,10pcs",a18112200ux0490,misc,2,12.99,uxcell,,0,7
B0D6GLH81M,"Adult Trinocular Microscope WF10x and WF25x Eyepieces 40X-5000X Magnification, Digital Lab Trinocular Compound LED Microscope (Trinocular Microscope with Electronic Eyepieces)",CDJHJ368,misc,1,229.99,HWTHWT,,0,7
B0CKHR2RNX,"Bysameyee Wireless Digital Microscope 4K HD Wi-Fi Microscope Camera Digital Magnifier Compatible for iPhone, Android Phones and PC (Black)",4K,cameras,1,39.99,Sameyee,,0,7
B07DPL1B4T,"Beaker, Flask, Cylinder Set, 3.3 Boro. Glass - 9 Pieces - Beaker Set, Flask Set, and Graduated Cylinder Set, Karter Scientific 233N2",233N2,misc,1,42.99,Lake Charles Manufacturing,,0,7
B0BN4W6P6Q,"eSUN PLA+ Filament 1.75mm, 3D Printer Filament PLA Plus, Dimensional Accuracy +/- 0.03mm, 1KG Spool (2.2 LBS) 3D Printing Filament for 3D Printers, Cold White",PLA+175CW1KG-RE,misc,1,22.99,eSUN official Store,,0,7
B0BH252R3J,"Powered USB Hub, Wenter 11-Port USB Splitter Hub (10 Faster Data Transfer Ports+ 1 Smart Charging Port) with Individual LED On/Off Switches, USB Hub 3.0 Powered with Power Adapter for Mac, PC",KDP-AE,power,1,29.99,Igree,,0,7
B0D2PRQKWL,"Twippo Heat Shrink Tubing Kit 355pcs - 3:1 Dual Wall Adhesive Lined - Electrical Waterproof Industrial Heat-Shrink Tubing Terminals- Marine Grade Wire Connector Shrink Wrap Tube - 3.15"" Length - Black",US-Heat Shrink Tubing Kit-355,misc,1,18.99,Twippo,,0,7
B072PCQ2LW,"560PCS Heat Shrink Tubing 2:1, Eventronic Electrical Wire Cable Wrap Assortment Electric Insulation Heat Shrink Tube Kit with Box(5 colors/12 Sizes), Black, Red, Blue, Yellow, Green",asd-123,misc,1,5.99,Ayhh-official,,0,7
B0C3GRTT2G,"haisstronica Wire Stripper and Crimping Tool,AWG 24-10 Automatic Stripper Tool with AWG 22-10 Ratchet Wire Crimper For Heat Shrink Connectors",HX1608,misc,1,29.99,HAISSTRONICA,,0,7
B088QM242B,14 Gauge Wire Combo 6 Pack 12V 100'FT per Roll (600 ft Total) 14 Gauge Auto Wire Copper Clad Aluminium Low Voltage 14 Gauge Wire,mkafv-1160,misc,1,37.89,BaboomBaboom,,0,7
B074JZ6NWV,"Replace for DYMO LetraTag Label Maker Refill 91331 White Plastic Tape 12mm x 4m (1/2"" x 13') for Dymo Labeler Letra Tag 200B LT 100H 100T Plus, 5-Pack, Label KINGDOM Label",LT-A91331-5,misc,1,12.99,Label KINGDOM,,0,7
B0BBLSNJCJ,JESSINIE INA333 Amplifier Module 3 Operational Amplifier INA333 Low Power Precision Instrumentation Amplifier Module Board,INA333,dev-boards,1,9.95,Jessinie,,0,7
B08QM9SM1W,Teyleten Robot Millivolt/Microvolt Voltage Amplifier Module AD620 Instrumentation Amplifier Module Signal Amplifier Module DC 3-12V High Precision (3PCS),H64,misc,1,11.88,Teyleten Robot-US,,0,7
B0DPFX4PDP,Linear Instrumentation Amplifier 10PCS INA128UA INA128 INA128U SOP-8 New for Arrival 2025 High for Quality,MAANIHTYUW-M-TXN48926,misc,1,28.99,PHAMDUCQUYEN15,,0,7
B0BNQDV3FR,Jetson Nano B01 4GB SUB Development Kit Official Board for AI and Robotics Yahboom Provide ROS Programming Courses,gm-Jetson Nano B01,dev-boards,1,209.99,Yahboom,,0,7
B0BM2YKHRR,MyoWare 2.0 Muscle Sensor-Compatible with Arduino- All-in-one electromyography (EMG) sensor from Advancer Technologies -Measure muscle activity by detecting its electric potential-Keyed Snap Connector,DEV-21265,dev-boards,1,39.95,SparkFun Electronics Inc.,,0,7
B0BGWRWRX2,"Fanttik E1 Max 3.7V Mini Electric Screwdriver, Precision Screwdriver Set, 50-in-1 Magnetic Bits, Magnetic Storage, 5/32''Hex, Electric Screwdriver for Electronics Phone Camera Laptop Watch - Grey",E1 Max,cameras,1,45.75,Fanttik Innovation Direct,,0,7
B0CJHXJWN3,"Gebildet 3V-6V-12V-24V-230V/1A 10pcs 7mm Black Prewired Mini Momentary Push Button,SPST Nomal Open ON/Off 2 Pin Round Button for Model Railway Hobby",E1252-US,misc,1,6.99,Gebildet,,0,7
B0D8PZ8MNL,"CPZZ 20Pack 18650 Rechargeable Battery Flat top 3.7v 18650 Rechargeable Battery High Capacity for led flashlights,Headlights headlamp 1015",B0D8PZ8MNL,power,1,47.99,Liming Technology,,0,7
B0B31NRSD2,"2Pack GPS Module,Navigation Satellite Positioning NEO-6M,Arduino GPS, Drone Microcontroller, GPS Receiver Compatible with 51 Microcontroller STM32 Arduino UNO R3 with Antenna High Sensitivity",B0B31NRSD2,dev-boards,1,18.99,Deegoo-FPV,,0,7
B0CN63ZQ2J,"4 Pack 1￵8￵6￵5￵0 Rechargeable Batter￵y 9900m￵A￵h W￵i￵th 18650 Battery Charger,Universal Smart Charger for 3.7V Rechargeable Battery 21700 14500 10440",B0CN63ZQ2J,power,1,24.98,cambriman,,0,7
B08HGSXYM1,4X EEMB 3.7V Lipo Battery 3700mAh 103395 Rechargeable Lithium Polymer ion Battery Pack with JST Connector (UL Certified for Cell) Make Sure Device Polarity Matches with Battery Before Purchase!!!,3S-TBUH-ZL1C,power,1,46.92,MONERATOR,,0,7
B0DP634VQ5,"MakerHawk 3.7V 10000mAh LiPo Battery Rechargeable 1S 3C Lithium Polymer Battery with Protection Board Insulated Rubber Tape, PH2.0 Plug for Arduino ESP32 Board RPI Battery Pack UPS (2 Pack)",B0DP634VQ5,dev-boards,2,36.99,MakerHawk-US,,0,7
B09SVFL33L,200mm(7.9in) Width PVC Heat Shrink Wrap Tube 18650 21700 26650 Lithium Battery DIY Battery Pack 3M(9.9ft) Length Blue,200mmX3m,power,1,13.99,Jichu Store,,0,7
B07Y53X4HK,"Bestol 5 Meters 2P/3P/0.15x8mm/0.12x8mm/18x6x50mm Nickel alloy Strip for Battery Spot Welding, Connect battery in Paralle",Bestol,power,1,8.99,Bestol,,0,7
B0D3LP1G3F,"MakerHawk 3.7V 6000mAh LiPo Battery Rechargeable 1S 3C Lithium Polymer Battery with Protection Board Insulated Rubber Tape, PH2.0 Plug for Arduino ESP32 Board RPI Battery Pack UPS (2 Pack)",B0D3LP1G3F,dev-boards,1,27.99,MakerHawk-US,,0,7
B0CRKHTG89,EC Buying 10Pcs TP4056 1A Lithium Battery Charging Board Module USB Type-c 5V 1A 18650 Lithium Battery Charger Module Charging Board with Dual Protection Functions,B0CRKHTG89,power,1,9.99,EC Buying,,0,7
B0CRY34GWR,Gebildet 5pcs 3V-4.5V-5V-6V-7.5V-9VDC 6mm Blue LED Metal Indicator Light Waterproof Signal Lamp Pilot Dash Directional Car Truck Boat with Wire,E728A,misc,1,6.99,Gebildet,,0,7
B0CDWZ9MDC,HiLetgo 5pcs TP4057 1A 3.7V Lithium Battery Charging Board with Protection Type-C USB C Li-ion Battery Charging Board Over TP4056,3-01-1767,power,1,8.99,HiLetgo,,0,7
B081JWVK3C,"Bestol 5 Meters 2P/3P/0.15x8mm/0.12x8mm/18x6x50mm Nickel alloy Strip for Battery Spot Welding, Connect battery in Paralle",52001936561,power,1,8.99,Bestol,,0,7
B0CNSSS6T4,18650 Battery Shield Board V3 Micro USB Charger ESP32 for Raspberry Pi and Arduino,BUBUCAM 18650 Battery Shield Board V3,dev-boards,2,6.98,BUBUCA,,0,7
B0B58S6L6W,ACEIRMC 3pcs CN3065 Mini Solar Lipo Charger Board Lithium Battery Charge Chip Micro USB DIY Outdoor Application Kit Charging Board Module,CN3065,power,1,8.99,Aceirmc US,,0,7
B09JZD4NMC,"GHome Smart Plug Outlet Extender, Surge Protector with 3 Individually Controlled Smart Outlets and 3 Smart USB Ports, Works with Alexa Google Home, Wall Adapter Plug for APP Control,15A/1800W",P2-BK,misc,2,23.99,GHomeSmartUSA,,0,7
B0BYP44116,"Linkind Color Changing Smart WiFi Light Bulbs, Work with Alexa & Google Home, A19 E26 Dimmable RGBTW Bulbs, No Hub Needed, 800 Lumen, 2.4Ghz WiFi, 6 Pack",A19,misc,1,39.99,LINKIND-US,,0,7
B0CN1N7WRZ,"Tyimble 2024 Electric Drill Plate Cutter - Efficient Metal Shears Attachment for Effortless Cutting of Iron, Steel, Copper, Aluminum - Superior Precision and Efficiency, a Must-Have for DIY.",T-E01,misc,1,23.99,HAOXINGSHENG,,0,7
B0784XXSQB,"ALDON Copper (II) Sulfate Solution, 1M, 500mL - The Curated Chemical Collection",IS12196,misc,2,17.46,Vertex Reliance,,0,7
B08LDDS59D,"Gebildet 10Pcs 6mm 110V-220VAC LED Metal Indicator Light Waterproof Signal Lamp (Green/Orange/Red/Blue/White,Each 2pcs)",E553,misc,1,9.49,Gebildet,,0,7
B0DF4TB93J,"4-in-1 Soil Moisture Meter Digital Plant Temperature/Soil Moisture/PH Meter/Sunlight Intensity Backlight LCD Display Soil Test Meter for Gardening, Farming and Outdoor Plants",CTY,misc,1,23.98,Cytentech,,0,7
B09JWN5F8W,"Amazon Basics Full Motion TV Wall Mount fits 12"" to 40"" TVs and VESA 200x200, Black",AM20A,misc,1,18.69,Amazon.com,,0,7
B07961WPZP,"AC Infinity Passive Ventilation Grille 17"", White, for PC Computer AV Electronic Equipment Cabinets, Rooms, and Closets",AC-AGW7,misc,1,21.99,AC Infinity,,0,7
B0BDF358X8,LAB FISH Lab Infrared Scalpel Sterilizer Autoclave Sterilizers 825°C Inoculating Loop Sterilizer for Inoculating Loop Mycology 240W(DS-900S),LFDS900S,misc,1,169.0,LAB FISH-US,,0,7
B0CQXDXRZ2,"Qrity 20 PCS Rubber Grommets Cable Railing, Car Grommet, Cable Railing Protective Sleeves for Metal Posts, ID 3mm Mount Dia 5mm",B0CQXDXRZ2,misc,1,7.99,QRITY,,0,7
B0D19C25NS,"New Age America® 93pcs Rubber Grommets Kit | 1/4 Inch to 1 Inch | 9 Sizes | Black Wire Grommets | Eyelet Ring Gaskets | Double Sided Round | 1/4"", 5/16"", 3/8"", 7/16"", 1/2"", 5/8"", 3/4"", 3/4"", 7/8"", 1""",NAARG-93,misc,1,9.99,NewAgeAmerica,,0,7
B08FM9334M,"Ackers Conical Centrifuge Tubes 15mL, 100 Pcs Sterile Plastic Test Tubes with Screw Caps, Polypropylene Container with Graduated and Write-on Spot, Non-Pyrogenic, DN/RNase Free",AU17254,misc,1,17.99,Ackers,,0,7
B0CRNPBGNB,"Beelink Mini S12 Pro Mini Pc,Intel 12th Gen Alder Lake-N100 (4C/4T, Up to 3.4GHz),16GB DDR4 RAM 500GB PCle SSD, Desktop Computer Support 4K@60Hz Dual HDMI Display/USB3.2/WiFi6/BT5.2 for Office/Home",Minis 12 Pro N100,dev-boards,1,158.99,ZDN PC,,0,7
B08TJRVWV1,"Amazon Basics Micro SDXC Memory Card with Full Size Adapter, A2, U3, Read Speed up to 100 MB/s, 128 GB, Black",LSMICRO128GU3,dev-boards,1,10.99,Amazon.com,,0,7
